ID,Class
1.jpg,greensplats
2.jpg,anchor
3.jpg,heart
4.jpg,pencil
5.jpg,dolphin
6.jpg,cactus
7.jpg,cat
8.jpg,dragon
9.jpg,scissors
10.jpg,questionmark
11.jpg,clock
12.jpg,sun
13.jpg,apple
14.jpg,lips
15.jpg,scissors
16.jpg,bomb
17.jpg,lips
18.jpg,stopsign
19.jpg,taxi
20.jpg,knight
21.jpg,fire
22.jpg,water
23.jpg,ghost
24.jpg,apple
25.jpg,knight
26.jpg,heart
27.jpg,stopsign
28.jpg,cheese
29.jpg,cat
30.jpg,cheese
31.jpg,dragon
32.jpg,dinosaur
33.jpg,tortoise
34.jpg,eye
35.jpg,target
36.jpg,icecube
37.jpg,lips
38.jpg,cactus
39.jpg,questionmark
40.jpg,snowflake
41.jpg,knight
42.jpg,taxi
43.jpg,scissors
44.jpg,taxi
45.jpg,igloo
46.jpg,lock
47.jpg,igloo
48.jpg,sunglasses
49.jpg,clock
50.jpg,tree
51.jpg,igloo
52.jpg,skull
53.jpg,hand
54.jpg,key
55.jpg,moon
56.jpg,dolphin
57.jpg,pencil
58.jpg,leaf
59.jpg,anchor
60.jpg,questionmark
61.jpg,spiderweb
62.jpg,spiderweb
63.jpg,cactus
64.jpg,exclamationpoint
65.jpg,ladybug
66.jpg,lightning
67.jpg,greensplats
68.jpg,dolphin
69.jpg,ghost
70.jpg,lips
71.jpg,candle
72.jpg,spider
73.jpg,hammer
74.jpg,key
75.jpg,anchor
76.jpg,candle
77.jpg,babybottle
78.jpg,knight
79.jpg,questionmark
80.jpg,flower
81.jpg,lightning
82.jpg,tortoise
83.jpg,snowflake
84.jpg,cheese
85.jpg,spider
86.jpg,snowflake
87.jpg,bird
88.jpg,icecube
89.jpg,leaf
90.jpg,bomb
91.jpg,sunglasses
92.jpg,pencil
93.jpg,flower
94.jpg,candle
95.jpg,hand
96.jpg,taxi
97.jpg,scarecrow
98.jpg,snowflake
99.jpg,anchor
100.jpg,clock
101.jpg,ghost
102.jpg,yinyang
103.jpg,snowman
104.jpg,cactus
105.jpg,flower
106.jpg,babybottle
107.jpg,snowman
108.jpg,stopsign
109.jpg,sunglasses
110.jpg,igloo
111.jpg,ladybug
112.jpg,key
113.jpg,scissors
114.jpg,questionmark
115.jpg,lightning
116.jpg,igloo
117.jpg,heart
118.jpg,stopsign
119.jpg,icecube
120.jpg,scarecrow
121.jpg,clown
122.jpg,babybottle
123.jpg,snowflake
124.jpg,scarecrow
125.jpg,taxi
126.jpg,eye
127.jpg,moon
128.jpg,dinosaur
129.jpg,leaf
130.jpg,clown
131.jpg,leaf
132.jpg,sunglasses
133.jpg,exclamationpoint
134.jpg,clown
135.jpg,fire
136.jpg,taxi
137.jpg,hammer
138.jpg,ghost
139.jpg,hand
140.jpg,spider
141.jpg,greensplats
142.jpg,dinosaur
143.jpg,apple
144.jpg,spider
145.jpg,snowflake
146.jpg,cat
147.jpg,knight
148.jpg,spider
149.jpg,stopsign
150.jpg,fire
151.jpg,spiderweb
152.jpg,carrot
153.jpg,snowman
154.jpg,sun
155.jpg,anchor
156.jpg,babybottle
157.jpg,water
158.jpg,babybottle
159.jpg,taxi
160.jpg,trebleclef
161.jpg,candle
162.jpg,cactus
163.jpg,knight
164.jpg,sunglasses
165.jpg,skull
166.jpg,flower
167.jpg,pencil
168.jpg,clown
169.jpg,fourleafclover
170.jpg,spider
171.jpg,lightning
172.jpg,sun
173.jpg,hand
174.jpg,dog
175.jpg,yinyang
176.jpg,snowman
177.jpg,dolphin
178.jpg,tortoise
179.jpg,dragon
180.jpg,spider
181.jpg,carrot
182.jpg,dragon
183.jpg,trebleclef
184.jpg,bomb
185.jpg,moon
186.jpg,scissors
187.jpg,tortoise
188.jpg,lock
189.jpg,candle
190.jpg,lightning
191.jpg,heart
192.jpg,ghost
193.jpg,tree
194.jpg,dinosaur
195.jpg,heart
196.jpg,exclamationpoint
197.jpg,questionmark
198.jpg,candle
199.jpg,sun
200.jpg,yinyang
201.jpg,spiderweb
202.jpg,scarecrow
203.jpg,carrot
204.jpg,lips
205.jpg,icecube
206.jpg,pencil
207.jpg,bomb
208.jpg,dragon
209.jpg,igloo
210.jpg,yinyang
211.jpg,dinosaur
212.jpg,stopsign
213.jpg,babybottle
214.jpg,icecube
215.jpg,lightbulb
216.jpg,carrot
217.jpg,ladybug
218.jpg,bird
219.jpg,lock
220.jpg,carrot
221.jpg,apple
222.jpg,cheese
223.jpg,stopsign
224.jpg,fire
225.jpg,yinyang
226.jpg,scarecrow
227.jpg,target
228.jpg,dragon
229.jpg,tree
230.jpg,hammer
231.jpg,dinosaur
232.jpg,dinosaur
233.jpg,carrot
234.jpg,ghost
235.jpg,sun
236.jpg,carrot
237.jpg,greensplats
238.jpg,anchor
239.jpg,exclamationpoint
240.jpg,clock
241.jpg,apple
242.jpg,lips
243.jpg,cheese
244.jpg,leaf
245.jpg,leaf
246.jpg,snowflake
247.jpg,yinyang
248.jpg,spiderweb
249.jpg,target
250.jpg,spiderweb
251.jpg,exclamationpoint
252.jpg,target
253.jpg,clock
254.jpg,hand
255.jpg,tortoise
256.jpg,greensplats
257.jpg,lips
258.jpg,hand
259.jpg,sun
260.jpg,bomb
261.jpg,stopsign
262.jpg,spider
263.jpg,sunglasses
264.jpg,apple
265.jpg,snowflake
266.jpg,moon
267.jpg,fourleafclover
268.jpg,leaf
269.jpg,sunglasses
270.jpg,trebleclef
271.jpg,knight
272.jpg,ladybug
273.jpg,cheese
274.jpg,carrot
275.jpg,clock
276.jpg,flower
277.jpg,water
278.jpg,pencil
279.jpg,dolphin
280.jpg,questionmark
281.jpg,hand
282.jpg,lock
283.jpg,dolphin
284.jpg,skull
285.jpg,clock
286.jpg,tree
287.jpg,scarecrow
288.jpg,lock
289.jpg,taxi
290.jpg,key
291.jpg,ladybug
292.jpg,candle
293.jpg,key
294.jpg,clock
295.jpg,heart
296.jpg,snowman
297.jpg,babybottle
298.jpg,fire
299.jpg,clown
300.jpg,dragon
301.jpg,scarecrow
302.jpg,tree
303.jpg,lightning
304.jpg,tree
305.jpg,apple
306.jpg,dog
307.jpg,moon
308.jpg,cheese
309.jpg,cheese
310.jpg,exclamationpoint
311.jpg,dolphin
312.jpg,dragon
313.jpg,sunglasses
314.jpg,flower
315.jpg,moon
316.jpg,spiderweb
317.jpg,lightning
318.jpg,sun
319.jpg,fourleafclover
320.jpg,lightning
321.jpg,cactus
322.jpg,anchor
323.jpg,stopsign
324.jpg,igloo
325.jpg,lightning
326.jpg,sunglasses
327.jpg,hammer
328.jpg,exclamationpoint
329.jpg,clown
330.jpg,tortoise
331.jpg,exclamationpoint
332.jpg,trebleclef
333.jpg,lock
334.jpg,babybottle
335.jpg,anchor
336.jpg,exclamationpoint
337.jpg,key
338.jpg,trebleclef
339.jpg,snowman
340.jpg,tree
341.jpg,bird
342.jpg,key
343.jpg,taxi
344.jpg,bomb
345.jpg,target
346.jpg,scarecrow
347.jpg,scarecrow
348.jpg,candle
349.jpg,bird
350.jpg,lightbulb
351.jpg,knight
352.jpg,yinyang
353.jpg,dolphin
354.jpg,trebleclef
355.jpg,skull
356.jpg,fourleafclover
357.jpg,dragon
358.jpg,tree
359.jpg,fire
360.jpg,icecube
361.jpg,flower
362.jpg,lips
363.jpg,scissors
364.jpg,babybottle
365.jpg,fourleafclover
366.jpg,moon
367.jpg,target
368.jpg,skull
369.jpg,candle
370.jpg,target
371.jpg,hand
372.jpg,tortoise
373.jpg,greensplats
374.jpg,lock
375.jpg,knight
376.jpg,candle
377.jpg,lightbulb
378.jpg,knight
379.jpg,pencil
380.jpg,candle
381.jpg,scissors
382.jpg,fourleafclover
383.jpg,igloo
384.jpg,exclamationpoint
385.jpg,knight
386.jpg,bomb
387.jpg,icecube
388.jpg,questionmark
389.jpg,icecube
390.jpg,yinyang
391.jpg,fire
392.jpg,hammer
393.jpg,heart
394.jpg,carrot
395.jpg,tortoise
396.jpg,moon
397.jpg,dolphin
398.jpg,scissors
399.jpg,flower
400.jpg,candle
401.jpg,skull
402.jpg,dragon
403.jpg,yinyang
404.jpg,trebleclef
405.jpg,sun
406.jpg,anchor
407.jpg,clock
408.jpg,candle
409.jpg,pencil
410.jpg,hammer
411.jpg,clown
412.jpg,carrot
413.jpg,fourleafclover
414.jpg,ghost
415.jpg,bomb
416.jpg,key
417.jpg,key
418.jpg,heart
419.jpg,tree
420.jpg,leaf
421.jpg,apple
422.jpg,ghost
423.jpg,snowman
424.jpg,trebleclef
425.jpg,ladybug
426.jpg,dinosaur
427.jpg,spiderweb
